{
  "NC_000866": {
    "average": 1085.262,
    "deletion_coverage_propagation_cutoff": 296.0,
    "deletion_coverage_seed_cutoff": 0.0,
    "dispersion": 100.8655,
    "nbinom_dispersion": 80.4248768901692,
    "nbinom_mean_parameter": 1049.344,
    "nbinom_prob_parameter": 0.0124339637021221,
    "nbinom_size_parameter": 13.21178,
    "nbinom_variance": 84393.3620154377,
    "variance": 109465.5
  }
}