{
  "NC_000866": {
    "average": 1828.164,
    "deletion_coverage_propagation_cutoff": 427.0,
    "deletion_coverage_seed_cutoff": 0.0,
    "dispersion": 180.3474,
    "nbinom_dispersion": 173.346704537165,
    "nbinom_mean_parameter": 1819.166,
    "nbinom_prob_parameter": 0.00576878575609497,
    "nbinom_size_parameter": 10.55527,
    "nbinom_variance": 315346.431106056,
    "variance": 329704.6
  }
}