{
  "NC_000866": {
    "average": 1825.289,
    "deletion_coverage_propagation_cutoff": 419.0,
    "deletion_coverage_seed_cutoff": 0.0,
    "dispersion": 181.8646,
    "nbinom_dispersion": 178.302379944627,
    "nbinom_mean_parameter": 1826.406,
    "nbinom_prob_parameter": 0.00560845009646285,
    "nbinom_size_parameter": 10.30108,
    "nbinom_variance": 325652.536545147,
    "variance": 331955.6
  }
}