{
  "NC_000866": {
    "average": 1147.759,
    "deletion_coverage_propagation_cutoff": 346.0,
    "deletion_coverage_seed_cutoff": 0.0,
    "dispersion": 94.2699,
    "nbinom_dispersion": 74.1629397185432,
    "nbinom_mean_parameter": 1109.336,
    "nbinom_prob_parameter": 0.0134838236428479,
    "nbinom_size_parameter": 15.16254,
    "nbinom_variance": 82271.6188956098,
    "variance": 108199.1
  }
}